0x94bf881f4118118642d4544ef444823670c6b81f330a9ce049f82e0c124ed067,10
0x9ca0410d987fde19061154448cd0920f6629c6940c8c18b9ff9c279601ef3c70,10
0x67957b1c8245b98582837dbcc0e6a7c0f412f824917471191f907d756f72ec45,10
0x79622d0a093520857bb809a72757dc9e0d23a4a63f942f1bdd041a4267c3d07b,10
0xfb3f459ee89e8b8b295f41a6bcaf72355853de5f378fcc385c5e8861314fe43c,10
0x4bfdac1d9c5d92508a308f6f503fe34d3b8a5dd26749872b73d6cccb84538fed,10
0xff4a7403c6126b7922fca6de4431f4cfc67c872b2e510a1a19b8289415a6d343,10
0xc74c6c36d7d0e1ac85c490b8c23fa16ddcc13fc9d59f848be217019c5a6f10b5,10
0xa5abafe0c40430d1f72d9c4cce941bc0c11024ecc54d478612a324cfb3116449,10
0x67fc9af6760a4df2e9759a84b98fe6bdf1210ebd16a61e31c760db0b735c28b3,10
qasawdqe
xxxxxxxxxxxzzzzq212
,,,,,,,,123xc